"Input","Output","InvInput"
1,6,1
2,9.5,0.5
3,13,0.3333333333333333
4,15,0.25
5,16.5,0.2
6,17.5,0.16666666666666666
7,18.5,0.14285714285714285
8,19,0.125
9,19.5,0.1111111111111111
10,19.7,0.1
11,19.8,0.09090909090909091
